row_id,target
0-4,0.001609466257371019
0-32,0.0016793938485536546
0-34,0.0016793938485536546
